customer_id,customer_name,email,meter_id
717479568-4,Marleah,moclovan0@wufoo.com,740-60-4283
276052314-4,Jerri,jterbruggen1@ft.com,158-22-2786
649512417-1,Cathe,cwoakes2@nih.gov,147-22-2537
649512417-1,Cathe,cwoakes2@nih.gov,806-38-0276
649512417-1,Cathe,cwoakes2@nih.gov,200-32-8690
532499080-9,Brewer,bprangley5@hibu.com,106-84-1719
532499080-9,Brewer,bprangley5@hibu.com,797-27-3543
532499080-9,Brewer,bprangley5@hibu.com,359-97-6365
532499080-9,Brewer,bprangley5@hibu.com,328-34-3129
532499080-9,Brewer,bprangley5@hibu.com,108-13-7234
720827819-9,Angelle,aocollopya@hexun.com,607-85-4390
240433612-6,Esther,eyerrillb@vistaprint.com,589-86-9998
787287989-1,Kenneth,kschettinic@paypal.com,880-38-1750
368744646-8,Sheilah,skobierad@google.co.jp,534-32-0837
134272172-1,Mendy,mhryskiewicze@360.cn,249-45-6772
